{"schemaVersion":"1.0","appDefinitionTemplate":{"id":"/providers/Microsoft.PowerApps/apps/","type":"Microsoft.PowerApps/apps","tags":{"primaryDeviceWidth":"640","primaryDeviceHeight":"1136","sienaVersion":"20200911T183104Z-3.20084.9.0","deviceCapabilities":"","supportsPortrait":"true","supportsLandscape":"false","primaryFormFactor":"Phone","publisherVersion":"3.20084.9","minimumRequiredApiVersion":"2.2.0","hasComponent":"false","hasUnlockedComponent":"false","isUnifiedRootApp":"false"},"properties":{"appVersion":"2020-09-11T18:31:04Z","lifeCycleId":"Published","createdByClientVersion":{"major":3,"minor":20084,"build":9,"revision":0,"majorRevision":0,"minorRevision":0},"minClientVersion":{"major":3,"minor":20084,"build":9,"revision":0,"majorRevision":0,"minorRevision":0},"backgroundColor":"rgba(0, 134, 208, 1)","backgroundImageUri":"/9534377373268174011/N19590e52-5653-44ac-932b-a4d7a4f1fa3d-logoSmallFile","displayName":"RGB Color Detection APP","description":"","commitMessage":"","appUris":{"documentUri":{"value":"/9534377373268174011/N9f36ce3d-f33d-4b89-aff8-c0d78e300537-document.msapp","readonlyValue":"/9534377373268174011/N9f36ce3d-f33d-4b89-aff8-c0d78e300537-document.msapp"},"imageUris":[]},"createdTime":"0001-01-01T00:00:00Z","lastModifiedTime":"0001-01-01T00:00:00Z","sharedGroupsCount":0,"sharedUsersCount":0,"icons":{"smallIconUri":"/9534377373268174011/Na2e54f63-3622-4f1e-a5b1-4a1d611ca76e-small.png","mediumIconUri":"/9534377373268174011/N34fc68df-4a33-4fc8-93a6-3ba71e484bb0-medium.png","largeIconUri":"/9534377373268174011/Nb786c0a0-14c7-45ca-80ab-b8e3eee9cf47-large.png","wideIconUri":"/9534377373268174011/Ncb1167a2-1476-46b1-9800-d31616befcb9-wide.png"},"connectionReferences":{},"databaseReferences":{"default.cds":{"databaseDetails":{"referenceType":"NotSpecified","environmentName":"default.cds"},"dataSources":{"43b0dc67-68af-47ae-9a9c-9e69d396ba3e":{"entitySetName":"msdyn_aimodels","logicalName":"msdyn_aimodel"},"18333537-fdd1-4579-907c-955609c15d25":{"entitySetName":"msdyn_aiconfigurations","logicalName":"msdyn_aiconfiguration"},"39a6196f-02b0-4fc1-9715-78a41651bedd":{"entitySetName":"msdyn_aiodlabels","logicalName":"msdyn_aiodlabel"}}}},"almMode":"Environment","performanceOptimizationEnabled":true,"canConsumeAppPass":true},"isAppComponentLibrary":false,"appType":"ClassicCanvasApp","appComponents":[]}}